-0.293280019864594+0.657219327986545i,-0.559745816632245-1.36071634929628i,1.13345540769641+0.0512087447357343i,-0.257101608442063+0.373898476132031i,0.282621750122695-0.00998976902348627i,0.095672921362539-0.246767160039307i,0.310269334470586+1.11992824879187i,-1.13297117180353-1.6501922884895i,1.02922227533663+0.895587170667954i,-0.0711209906930035-0.0307588829024866i,-0.247159852428121-0.11712189004647i,0.325539531055712-0.105908242815954i,-0.821918540276345+0.394855699180881i,1.26907517247318-1.11567366328622i,-0.876817357229807+1.5119156935897i,0.357917790739537-0.813285265480298i,-0.313552743563593+0.142235531459244i,0.022873623832253-0.144918776018185i,-0.0736873151804813+0.375242520238302i,-0.192794714776855-0.529362283745184i,0.42352760131812+0.121360894775143i,-0.473313490761435-0.200596730658099i,0.457721286922441+0.168632013582245i,-0.162577288549713-0.20442455454643i,0.178805072076482+0.387271007875121i,-0.141547727167262-0.0240437849552938i,0.301415566065269-0.0131568794950862i,-0.56752608482865+0.0914142731538904i,0.242024295283641+0.16878603348516i,0.00639807935649432-0.259457565877112i,0.0288412031571387+0.170962658511193i,0.123394153921679+0.47204384624186i,-1.00560977484743-0.527291682857712i,0.813685613562181-0.0434482069186917i,0.0254207057838269+0.0875015319461754i,-0.383710203615384-0.165367282623596i,0.544729108966425+0.00528878918548103i,-0.209691957111105+0.27067833655681i,-0.170144117033206+0.115073833222713i,0.101134467172665-0.456292556491564i,-0.184000305774307+0.175102602904123i,0.272726843027642-0.14292909855407i,-0.0435606754485732+0.000270593836509733i,0.135914769263091+0.266478596334751i,-0.183714211036794-0.15436852435029i,-0.129531819978732-0.0719712407773122i,0.305982538942521+0.0955021229953122i,-0.151358398203889-0.122826703178631i,0.0705513078119385+0.108820436207524i,0.0347006263121189+0.119146763695375i,-0.0749790968572028+0.00968147188519008i,-0.0893517595870653-0.0337955054918214i,-0.160453240587275-0.0418801925085435i,0.282272324440406-0.172397726394435i,0.0271430134135191+0.277983706623333i,-0.132920595540964-0.330270306874069i,-0.106170701660748+0.369484703284267i,0.205547771947624-0.213005962445744i
-0.424431352797753+1.95996948477305i,-1.44503211204848-1.78734302024948i,1.87200941031853-0.123512417824161i,-0.00586319971061723-0.0817051110852149i,-0.225451617284824+0.927010904439925i,-0.129199307958271-0.0871063842481264i,0.294013723593354-0.284680791551585i,-0.653415080760972-0.911186603090376i,1.07871847053943+0.531278869731652i,-0.0769638669206762+0.788086515679786i,-0.140487735777387-0.141791008747507i,-0.350098458542329-0.315332797895132i,-0.442449391663793+0.532096210203415i,0.976481510103769-1.27490983704078i,-1.0557815751926+1.52464826662224i,0.49077937724787-1.11905081788948i,0.0884091040328227+0.280872710894737i,-0.155820674391415-0.0237016859684038i,-0.182395460539183+0.105042870693909i,-0.0222900799282647-0.197939993681885i,0.152021823866472-0.0208083160572617i,0.0557324031114263-0.347108447622969i,0.0687344229527308+0.4721956760524i,-0.0882706821567645-0.203363752344917i,0.256543228631367+0.353595211802264i,-0.462896788293882+0.0786028853781959i,0.450901627398928-0.171909228650035i,-0.905740851158866-0.0387987389823036i,0.828626442491234+0.1403509117139i,-0.237525411421131+0.160776325270615i,-0.0826133878842993-0.148811458778581i,0.255470177103469+0.759805885374143i,-1.46205260022191-0.618220632275975i,1.01139817110499-0.299795655385028i,-0.0259381531868586+0.201806815284263i,-0.282436883598786-0.307864780935534i,0.598138456565974+0.298358919819638i,-0.362525806928969-0.0905345449807949i,-0.0939052715005804+0.373153759858487i,-0.0296920887294578-0.565972211519748i,0.0506052102927988+0.140105896986309i,0.114004010166776+0.0151986542197088i,-0.278864251376328-0.208437918653437i,0.605400520383244+0.00260438839064734i,-0.261058609796403+0.417972508855045i,-0.371146109388642-0.31495381826364i,0.438225577255547+0.0225146904319006i,-0.253327515448391-0.164301090532095i,0.0995961174155488+0.0258584289358755i,0.402059769027348+0.0856204821553031i,-0.240413126537276+0.164594661862499i,-0.0602431483902493+0.241324517547825i,-0.4140861099254-0.31136678564342i,0.449401503101333-0.335852053627768i,-0.0335666099523721+0.545261391847864i,-0.00061267659405566-0.503010017073104i,-0.132090689109352+0.561458207520448i,0.143304215704021-0.470740923019717i
-0.492184429495654-0.740379658266958i,-0.811165328064855-0.252643695906318i,1.28557644493844-0.592249377026149i,-0.909747310671297+0.653237242853335i,1.05321450331852-1.05292130772743i,0.0131978864263+0.535595923958746i,-0.0469517900028177+0.914143563537269i,-0.371480871928074-1.79115424866476i,0.766790423731315+1.40102777029781i,-0.271356597521473-0.200135901532407i,-0.196599502277823-0.00578666977892948i,-0.0752537529529369-0.298742330225944i,0.107246831279439+0.312328263998141i,0.124871807067373-0.407632614399021i,-0.444278549749701+0.229472258002393i,0.612106705294268-0.125883089317406i,-0.417051761136993-0.0254018725191798i,-0.00372511793330214+0.193156542718354i,-0.163664946938512-0.247481990065896i,0.2301219213235-0.271453283020576i,-0.0473218330713724+0.419913134796i,-0.168012192528759-0.398799533824226i,0.196457765697533+0.0516510058446698i,0.0398010750124359-0.108184366617256i,0.289989705870095+0.378331421718165i,-0.550369939545218-0.158918050839389i,0.373282011836752-0.00238797492227851i,0.128192226083318+0.0956200206550507i,-0.489287881752735+0.215556314481463i,0.344325611850828-0.635135617441786i,0.140850156970368+0.852367661990493i,-0.208192498690385-0.106381186223845i,-0.484463438626161-0.363581763932521i,0.659019028147489+0.0467578077878636i,-0.0420451843871717+0.195803876329645i,-0.362468760143473+0.0847770915781124i,0.0630291366261237-0.316674497287592i,0.232548348832765+0.164761385497303i,-0.344794914936031+0.176531473003374i,0.414696320012001-0.426639809194178i,-0.504991965904124+0.379820029147768i,0.256088358475008-0.345153564588021i,0.139103027138105+0.181799403896129i,-0.296924213380945+0.0549759435645541i,0.326717973830864-0.338673515067918i,-0.217921107413426+0.378306867671892i,0.0750556279126615+0.0554357172169625i,-0.095450458868843-0.354488803173507i,0.229699187603046+0.312324511919888i,-0.261725357802723-0.00770425538514158i,0.0420343384204687+0.0212947917573068i,0.0303208983293547-0.190369164210844i,-0.0984623893628255+0.236036357739343i,0.019062781373022-0.291962709900631i,0.33684920290545+0.303059143712072i,-0.432970326295143-0.225171003336913i,0.135007091789316+0.0668900026183092i,0.257705191766239+0.253473503285676i
0.135152810100008-0.282222720417533i,0.50529784481566-0.13952569532239i,-0.311615957858069+0.333855179559982i,-0.160099823123667-0.071498824704581i,0.00552237047705466-0.384302794569842i,0.575775358794008+0.0401436741442692i,-0.360212840086208+0.65155532603017i,0.0580042520576201-0.974589242054763i,0.297175191342263+0.587892169354785i,-0.305390394405336+0.0916035037286528i,0.125695191795036-0.425917273543239i,0.190792351199618+0.245216788977782i,-0.224353771309582+0.204094265188475i,0.252886097894813-0.440996081488785i,-0.507709997220958+0.496530899074254i,0.348597332328861-0.506053842224021i,0.0105130412131481+0.0836902522413727i,-0.00732997359359437+0.07928664797431i,-0.0714933458800068+0.209260070767286i,-0.0387989731732773-0.616625277397042i,0.43178484926031+0.533192819162011i,-0.45229122046914-0.186490962580572i,0.603237654316865+0.198633355378431i,-0.6740274200978-0.00415009393086955i,0.212104582180998+0.119569584352756i,0.00380287891723486-0.0546210475633351i,0.0848302862528268-0.14110586710802i,-0.232037538374283+0.323617638891671i,-0.0713497359896805-0.0640296838981668i,0.0943900241930445-0.327216777796065i,0.0265684776392492+0.22957695799743i,0.178487287540615+0.358903100795536i,-0.817744045035685-0.26259755562555i,0.486125522786346-0.285256430356209i,-0.0309378310707259+0.137233321940799i,-0.0649860090261449-0.217397482632455i,0.360322179975521+0.0938053029993683i,-0.341056448483113+0.241604984487713i,0.206816280961803-0.071369239949246i,-0.270177369911658-0.0540746340499438i,0.0489933714287114-0.170934004016596i,0.106550652088931+0.022660752391301i,0.053820114703707+0.0528186331715872i,0.0628614181080503+0.116806043440399i,-0.359344932923566-0.0207253642951944i,0.117222115808571-0.419598597689366i,0.453837688943993+0.240542177039589i,-0.396340780123483+0.195300505039521i,0.143025537320662-0.211002136456856i,0.0389649610940581+0.304394790017956i,-0.272440595837589-0.250969040794731i,0.175423378622556-0.16505810160559i,0.0594960343351894+0.26031385672362i,0.142146785085627-0.0747319921657573i,-0.306943112052768+0.221516183618992i,0.279623805763228-0.341201519141945i,-0.482303289270156+0.210274981745883i,0.335824254648118-0.0719341345609725i
0.222452389780543+0.446590121151457i,0.591760694391592-0.255642057400357i,-0.576736042327625+0.093433711552729i,0.26530542040704-0.0342577445806802i,-0.213793301067787+0.0321285359005471i,0.232451320250691+0.114359724421022i,-0.604621538054047-0.0625903978261186i,0.879454870241021-0.708639210888519i,-0.0383354198628676+0.804562809447465i,-0.593601909096093-0.0259928413051424i,0.216794194266482-0.3181716948351i,0.412671860745562+0.030427853810721i,-0.662832933278898+0.0873748781005785i,0.899114300620479-0.349984651857368i,-0.669352611966617+0.58019512417962i,0.408267493497938-0.339248484494682i,-0.16460500903487+0.115117809261709i,0.152363700193969+0.029071249847075i,-0.110920725904504+0.133198612108918i,-0.20389185742894-0.296152841653154i,0.58269956486845+0.217610112207383i,-0.465187931518663-0.126870007650718i,0.690261916865213+0.315229102459288i,-0.762971240449796-0.0304526761377434i,0.187615122366129+0.0765030498320446i,0.10763344194726+0.136665138202795i,-0.0830583414819418-0.259602032411773i,-0.146375061133962+0.165850735286772i,-0.12749225506025+0.0668820162368021i,0.281051352280054-0.135447125427133i,-0.231816061041229-0.00474571240445563i,0.0993956368974753+0.478258265325652i,-0.686566199576534-0.434373125262755i,0.426165547199-0.237870514083467i,-0.0711504357068573+0.0289672706148774i,0.111145578885218-0.207912256126381i,0.325579394721602+0.195478015130922i,-0.366249972772782+0.175841869927209i,0.181895059871441-0.111419645080248i,-0.211453922899457+0.0859830234995859i,-0.0416161133059472-0.200202494439409i,0.149256375958074-0.217072667495693i,0.0294146285315136+0.266843068136964i,0.330402479277373-0.177220420914595i,-0.610133125475984+0.563541768295402i,0.180903020571614-0.871426626059053i,0.362998206236346+0.284277088274972i,-0.287882654634026+0.273323832456196i,0.0990009423390493-0.415831008552017i,0.226190832162071+0.455934135536776i,-0.210450200155263-0.26322324950251i,-0.0791312496786941+0.120219746464039i,0.0932501853456644-0.0427593602676065i,0.0709394538232673+0.0376814680308954i,-0.206405494884906+0.0973911966257625i,0.26187151096038-0.248675528938782i,-0.498634734139866+0.296066598695348i,0.187123054649536-0.357290505067131i
0.00465405299588458+1.47625785648829i,-0.0816994954907668-1.0733893910078i,0.0347253508807208+0.197145420498742i,0.556768716920237-0.251195320551119i,-0.484917399631667+0.803663616235449i,-0.12304791636654-0.268024820299334i,-0.147290679175641-0.416959775074123i,0.871257782477382-0.380578727041727i,-0.228179508470826+0.62228324847196i,-0.513819462926878+0.104414758260657i,0.466426889876032-0.256071042662841i,0.0136301952764361-0.332483971770416i,-0.331505265668562+0.563970381286181i,0.811703877352587-0.671500438988523i,-0.851996288691807+0.725523918284234i,0.397344922378151-0.431941366243782i,0.0650809321782152+0.141285569685566i,-0.0843821046453223-0.0631437016837232i,-0.0190822046028019+0.210157557331686i,-0.329241533252683-0.362204781377429i,0.44666674824737+0.0959575789439489i,-0.055450140356594-0.236921252257798i,0.518032909492287+0.368199357648164i,-0.584169341958408+0.152165040707648i,0.133300592134835+0.071369202068009i,-0.0915101496747129+0.137859733832123i,-0.0339094786333721-0.195106548703819i,-0.322611762804977-0.0296975439630233i,0.205311855781822+0.0586196086318456i,0.134208642479165+0.0341036356579807i,-0.258915539368186-0.00444417427452086i,0.259033375325501+0.403736535850484i,-1.01688172837243-0.279781879049601i,0.497550740181964-0.393205620147352i,0.0820105866052799+0.0848119738220212i,-0.0106375483285826-0.271882276900738i,0.4246687474278+0.331909251775874i,-0.389949619113831+0.184664952896305i,0.0801275992593525-0.12065000942983i,-0.477746774331572+0.141328095211679i,0.268799410294777-0.451935295477101i,0.0847771439815326-0.208568403747924i,0.0243126005125722+0.43015877916997i,0.308628808704336-0.346078975545601i,-0.434638910198794+0.646650863336391i,0.0808739214236446-0.795417099929837i,0.101416142773554+0.377100350708376i,-0.0714938920502394-0.140584060611119i,0.121578700860141-0.242789714384106i,0.363553432267758+0.423332989912254i,-0.247167121631184-0.0142225424600047i,-0.157156094136396+0.173363411579991i,-0.247676021038908-0.204653448971867i,0.390361315341511-0.199336542673282i,-0.291096151830436+0.29722122599582i,0.405019882580241-0.300393824479655i,-0.595660662117516+0.484790329532088i,0.231723523563798-0.635969056623731i
-0.844211265548307+1.99027170873995i,-0.632196804697548-2.37119909887784i,0.727239566371741+0.674279987146533i,0.649598560852551-0.939884822198741i,-0.797679519052409+1.07109420518783i,0.198107814111945+0.00111526968904306i,0.0640404874460486-0.789781396160729i,0.236432939107182-0.418133764240109i,0.190745725185328+0.357461202216957i,0.378590939776468+0.695082850045416i,-0.0298408317970437+0.258928606209197i,-0.61255572478586-0.61660758922404i,-0.30882062013223+0.69447510509464i,0.837016695207882-0.99751601253065i,-0.853238466958135+0.896068789575756i,0.04764511696668-0.414169096633139i,0.623183536288705-0.324604618633195i,-0.645891738393459+0.474071622506585i,0.106303698670088-0.653913032338233i,0.216930045967299+0.585910752077922i,-0.542890768678148-0.272065968329765i,0.61621405623897-0.564157309019456i,-0.238019833708308+0.423682929062939i,0.412141774315485-0.161565101094946i,0.179088679309658+0.525236080570016i,-0.880927958297429+0.122862691446726i,0.511805568750027-0.301125907859652i,-0.50669380720683-0.192130052037635i,0.402811614809304+0.447908693828141i,0.0330966319705115-0.423386328598897i,-0.0635761585901436+0.678833999603581i,-0.1937208251896+0.111522499988488i,-1.0305964542287-0.65672299971258i,1.14145869510941-0.282119748254916i,-0.0842586450596501+0.495871771097413i,-0.247709281599711-0.254987609619009i,0.204572220972682+0.355242699220253i,-0.121665001778154-0.283103650098802i,-0.170574108287178+0.159587411382237i,0.0672204307273686-0.171016641334357i,0.0213732098080453+0.106641570988611i,-0.146668794753018-0.291413783184458i,0.0571578649795403-0.00925100314859364i,0.322802979413379-0.0962885596331834i,0.192366559087038+0.372631625547855i,-0.425858661221829-0.0589593087232202i,-0.137697082656707+0.281813995851998i,0.123294680796044-0.824874970147186i,-0.00441897971402354+0.31512895717419i,0.558251561925343+0.0902776438971887i,-0.304361081284242+0.168566293999062i,-0.0235861676257513+0.237756917308428i,-0.515967598012585+0.0351832920143895i,0.178302556458376-0.786920373862756i,0.178500707781831+0.540611400676748i,-0.105850421282208-0.395432752932863i,0.35676210300621+0.422575128548312i,-0.21644965814386-0.30468102867895i
-0.0218857230641092-1.1155279203285i,-0.02069755629259+0.0844389049956021i,0.413438078001117+0.0358095686444699i,-0.779318274370868+0.267835047106493i,0.742215523408742-1.00610355186845i,0.267858927409567+0.567719051707882i,-0.341540417453661+0.526084814053745i,0.195260797161058-0.848766038962987i,0.00892654877569938+0.600031323179362i,0.0128480441533696-0.0316988370643277i,-0.233364833984018-0.057091172595732i,0.179271505234859-0.263524484353624i,0.0135601397290321+0.171218472311575i,0.182529587969547+0.152050910105004i,-0.468993885329021-0.135001416890627i,0.433463521977037-0.081477253022543i,-0.178182430602129+0.0831184912568664i,-0.211233175875809+0.139993653133144i,0.0530195084007129-0.268430486915777i,0.184947360154972-0.273932489101743i,0.0288371187347317+0.446034595642139i,-0.0796783491774724-0.304636883319773i,0.159857009544614+0.234396673633723i,-0.168528201935889-0.0566263117913888i,0.136548659215794+0.146547535656774i,-0.252375436857021-0.183370443400639i,0.115279041393345+0.0185752542432843i,0.0991873878825524+0.143935760259678i,-0.329136178959221-0.0545317637289033i,0.216323354283611-0.424481882599215i,0.0893442828172398+0.459533347986197i,0.056163483335904-0.0871664617529597i,-0.348307719561907+0.0729805158353724i,0.298862058055053-0.272610931380761i,-0.0111991783430911+0.244243153565649i,-0.226018796403035-0.0151013629458736i,0.211275728556153-0.215297467167071i,-0.140921417357122+0.228932367157667i,0.0340095838446718-0.0777274675059834i,0.135956145442687-0.115324392821084i,-0.222614723734326+0.0419635740409605i,0.218274254229925+0.0115207952886066i,0.0450288236614404+0.217896498320923i,-0.270651974230194-0.0725191118042116i,-0.0100665544368466-0.203632788461998i,0.0323193974732977+0.0683322175052423i,0.186547506647223-0.058158668156229i,-0.100861422180936+0.116677621250879i,0.0842445716372836-0.000478099620027454i,-0.110214310500735+0.0484981268258606i,-0.127938734732176+0.0813131398969839i,0.105252720612504-0.506610373871541i,0.185951676541079+0.413914679606197i,-0.0180024713743425-0.0325003704392979i,-0.0913117491217686+0.113942926093096i,0.0591109774343411-0.172077156423418i,-0.196410201196317+0.0329622678724026i,0.30085023388187+0.181115553584277i
0.603374001498081-0.484786701040967i,0.489579589949469+0.449398315000739i,-0.686845282313443+0.0808286478184897i,0.0859049937611859-0.0381550469215598i,-0.183442950750978-0.40109960548422i,0.516883625155887+0.11224535220063i,-0.623527970303374+0.214593343749855i,0.928156089571546-0.471961212441674i,-0.298105754542518+0.566673217918607i,-0.374445090393438-0.0471933826838908i,0.0828321951427076-0.213932344116759i,0.37532208434435-0.0891872881144994i,-0.414038768328507+0.104684073206063i,0.630831623759086-0.153846129049357i,-0.330145810027709+0.321648090650806i,0.13220066265192-0.124645088292541i,-0.176395195171573+0.0981024257059992i,0.177910260791105-0.0431933376771i,-0.0794483632955705+0.0903344807139116i,-0.128585697190887-0.226606897606933i,0.550288310537507+0.168725439304442i,-0.440171519183471+0.0845774688085348i,0.415117327645231+0.210581995739507i,-0.645301342006567-0.0502109031245308i,0.140383979130193-0.142099314371563i,0.402035231204792+0.125834934972184i,-0.371466253012217+0.0261676139161246i,-0.0739689845422102-0.0224356109454194i,-0.0736599660427038+0.0664465960602963i,0.142380016105239-0.259714603899152i,-0.0751943081325932-0.0228954527067296i,0.0845861012561471+0.392268736535814i,-0.360321192401499-0.222488504972949i,0.130068133669426-0.314002080153013i,0.0564656537107875+0.112634286466796i,0.0289282916405925-0.22125358312648i,0.378075979933539+0.193248775784383i,-0.540564122467876+0.140502280743234i,0.506066676114471-0.159609385608683i,-0.418145689702229+0.189917437668229i,0.0992070648950254-0.262136346718654i,0.0968265248833073+0.0218797211068199i,-0.0746351750837943+0.112685192680292i,0.294447030167998-0.117623860462417i,-0.54998065316287+0.345337087490947i,0.222780945753747-0.612503603907127i,0.357961823195868+0.0928019484826117i,-0.317525739315169+0.450208940257723i,0.186128085283387-0.459483258840725i,0.0381291853426405+0.457333582079764i,-0.162885922863098-0.291225215960417i,-0.00306027251865024-0.0712706612694829i,0.253691830269179+0.213369524806231i,-0.112967036222664+0.102201387423803i,-0.211837459595447-0.125952213288102i,0.338557586308855-0.00430766235232941i,-0.479756704795291-0.00346973151537874i,0.174699518556123-0.0511968523540178i
0.323966538563153+0.163164927387634i,0.644520740600893+0.0300100350012229i,-0.69497827702754+0.159652218897416i,0.463215475040956-0.176677749467972i,-0.345880606550556+0.127138477710445i,0.131421181804343+0.10168846000905i,-0.574310417381021-0.297763490158138i,1.34782988570292-0.240101606497269i,-0.685434960369238+0.640798148713629i,-0.418761769169627-0.110738924738154i,0.149706691080682-0.204659398371928i,0.397182183354025-0.343084894182645i,-0.296845436864216+0.2882073399533i,0.569537971409899-0.0725370995100455i,-0.53100666941334+0.148216067493142i,0.32331519514919-0.0627657587963344i,-0.097293164723653+0.040302669362033i,0.167508369740776+0.144399174915287i,-0.150689829107566-0.0166990819236835i,-0.2928103035775-0.0640622878919813i,0.518752738473277-0.0366899057126938i,-0.272476139108257-0.00365597734752675i,0.442805621205497+0.157677776605902i,-0.542780627475718+0.213801512160153i,0.0530367829783872-0.207520924812219i,0.204061158101616+0.230125331719664i,-0.221240921085728-0.215592558851216i,-0.0530107487078473+0.0513290627048225i,-0.0700292607199827+0.0291596921214413i,0.257739076978603+0.0602545876868068i,-0.334982689598739-0.218658730941223i,0.189195427225948+0.399245062338104i,-0.422349777792618-0.257505606028174i,0.0774569044351348-0.223107117310254i,0.0988789625130661-0.0537142166642458i,0.11439166390743-0.137671832035819i,0.312915207816112+0.248965927335579i,-0.509453244055458+0.12973557220188i,0.412220586189216-0.279161408870518i,-0.448671846769891+0.397812224283632i,0.159028864734517-0.366981238212515i,0.0190769476851353-0.256479575389999i,0.0918089767859559+0.408825772470591i,0.208383798624261-0.270022639198728i,-0.522224042096324+0.544281239410084i,0.233919687246079-0.796692711599673i,0.187564993692096+0.22111158878802i,-0.226062409087532+0.275730876321206i,0.222042654488682-0.49529818998222i,0.131026160138118+0.439091290418919i,-0.0540626792515702-0.142367466308199i,-0.147607313395108+0.170132387546098i,-0.0027432357617471-0.044913711792855i,0.0111382234774532-0.0467311094225737i,-0.166988120015769-0.0849046612357397i,0.488463776972165+0.03187282861315i,-0.592455139965166+0.182983284181244i,0.0946395203493324-0.331384535996346i
-0.375118538435124+0.89169506490668i,-0.132781450254771-0.90404685811021i,0.0994154110319331-0.00430126138708721i,0.4843623053006-0.313208847261i,-0.271881803922001+0.756672251133481i,-0.357904601678233-0.215494201214022i,0.0638329700422079-0.381243244170506i,0.69688863658295-0.294315782341754i,-0.434056043930092+0.344664145412804i,0.145344061462644+0.176316434117764i,0.205138535818902+0.258909760167224i,-0.446529551620747-0.586651996241329i,0.0268927946042147+0.226798938454995i,0.659033178124277-0.0701832175303064i,-0.745187132345535+0.295159535882379i,0.149873024199299-0.153514606775149i,0.277379927625295-0.168578873618855i,-0.246741631226998+0.375775745469496i,-0.0883714220300705-0.424198546234443i,-0.0414919830261846+0.321255084415488i,-0.0715535964488135-0.208862610298451i,0.231702887432826-0.241240637644043i,-0.00514966099761063+0.0222055833526438i,0.21350821151252+0.197504771055243i,0.090567786854697+0.239312603080455i,-0.576143733226397+0.170791543329329i,0.276068620669807-0.388507766950075i,-0.112730714900975+0.0641345962424163i,-0.051788891331435+0.188945457821423i,0.169466734069279-0.16684131606659i,-0.129587018027816+0.280638943633468i,0.0122784866687635+0.0323646037622991i,-0.6254281846412-0.239412452209821i,0.554095738382212-0.260132987980099i,-0.0155265923654634+0.269035181770012i,-0.0339151017264082-0.195700548520725i,0.157130268485411+0.414923849200041i,-0.274139293769802-0.209870655620272i,0.0993597304270691-0.0491767282931656i,-0.273638060093573+0.241158086039512i,0.131838267036588-0.312434278700555i,-0.125147208925964-0.233786205458713i,0.253730604164392+0.140572223228447i,0.117387345180241-0.00876787825565243i,-0.0491056558557769+0.212460438803479i,-0.0737772529346042-0.111183840490218i,-0.269429247183273+0.180321859527527i,0.252752727181209-0.490966672695011i,-0.10573885320023+0.10904155887907i,0.423402968779526+0.0984712220844989i,-0.102559320452307+0.168121025453219i,-0.177707699022045+0.173386657160046i,-0.37386424757061+0.00324998390084533i,0.222488026237467-0.559557538160588i,-0.0458961230034281+0.258347988196837i,0.200685243179465-0.142929359789403i,-0.00894375943370178+0.266987532884602i,-0.0407212567146391-0.250501209415137i
-0.701673666898365-0.719183985710872i,-0.319918137449368+0.0244684615964882i,1.3106745440473-0.606771369687583i,-1.04776009613657+1.12967186611948i,0.613388921665264-1.34466793823255i,-0.00388203391789954+0.976775141030975i,-0.12335276487209-0.0991094254207354i,0.0629765604684293-0.638562211589645i,0.270017884159903+0.849603693172784i,-0.0359012089834605-0.183775804900997i,-0.4214866833514+0.141212224552825i,0.151776248529466+0.0395703425653245i,-0.0673273455753837-0.284142212582407i,-0.0564275292465643+0.256728857300065i,-0.213840189535804-0.335584186014837i,0.567653567178114+0.311455777115902i,-0.365966222500007-0.251083336529368i,-0.299238079911576+0.469483819594274i,0.0811686033395218-0.802820238468334i,0.623741083190711+0.254464160177696i,-0.581094240723165+0.29138793959977i,0.285755717101521-0.341740781832823i,-0.0626763403648994+0.126062022662754i,0.199737992268971+0.0658018700038003i,-0.0692000335699723+0.0763730247736475i,-0.140787352256637-0.106382312860407i,0.0488108285743965+0.074500408656288i,0.309349049882269+0.0524219606778186i,-0.412663552456162+0.125570377244905i,0.0693073316759457-0.324365712876385i,-0.065347151058661+0.382932033402361i,0.107393972729767-0.577044195477223i,0.163420530985503+0.377557169785162i,0.00383906918382768-0.0750098554870112i,0.0337634241025649+0.0137630937389258i,-0.22523817782022+0.466551019503369i,-0.269588414415006-0.609799768562613i,0.603880085063828+0.0105635098208485i,-0.530174257374724+0.363508042825032i,0.55925412381733-0.484149316633076i,-0.386082459879876+0.456875032311707i,0.0693487489946451-0.104729840991935i,0.0594031919008537+0.0198938762631558i,-0.164618662358872-0.0878617456440388i,0.269226283449461-0.152567981263385i,-0.215738549450273+0.565760200001244i,-0.082981381099434-0.363661098342156i,0.175789638269796-0.135894900225682i,-0.0378678867545724+0.407650041394222i,-0.245148582304215-0.286873988160605i,0.118633821136354+0.165190782606301i,-0.0585480094632209-0.344065669320947i,0.208134004630704+0.098466291581852i,-0.0358053411689866+0.115603133633243i,0.181294848211436+0.172408805192786i,-0.49577148373823-0.241709385666406i,0.350759675369261+0.00507856126992361i,0.184754272564883+0.223839170730197i
0.0285304284950008-0.996123884586734i,0.300178049660679+0.645611415501625i,-0.266890555283832-0.254549020056402i,-0.256245099458199+0.436326462917552i,0.00201814151724169-0.856227188395715i,0.561545941151459+0.294480203160412i,-0.507034246601803+0.021855831971412i,0.785334184733124+0.0493989096885861i,-0.344528096641743+0.194457417613953i,-0.243684247435509+0.212722129138073i,0.00224829633464927-0.426529644219008i,0.122165788862133-0.0225818661176121i,-0.0361518506991822+0.303326130824818i,-0.0666633214345072-0.387731082827789i,0.437042392185528-0.0280889159527407i,-0.0887356490206109+0.161855223120587i,-0.129209495473127+0.18593303622766i,0.0517297740487312-0.0699941371348306i,0.0746778046863342+0.0299235163427737i,-0.105398951078776-0.0786849863046527i,0.292191340018288-0.0137000755579468i,-0.201672631067012+0.283978216799993i,0.0121468140610323-0.0172765514568967i,-0.292630849265184-0.00428468788296834i,0.189096189908157-0.155365898268348i,0.27185132852172-0.0121419425913055i,-0.514818910632208+0.228694605447824i,0.179174522494443-0.138429513087118i,-0.0757738328484991-0.00760336427985675i,-0.0136094293918081-0.344229753188801i,0.200086526916883+0.108895404685273i,0.0280127430072366+0.144082517374429i,-0.0677716340879238+0.158331612330478i,-0.110895058969102-0.279280500883717i,-0.00720735920269332+0.0108869374383563i,0.0905681869152643-0.108777147754976i,0.285683604063821+0.0848738302596046i,-0.508216380769312+0.192336682127504i,0.437015036857814-0.296676270798249i,-0.133339468439827+0.185996933161642i,0.015015268841309-0.0542969809019006i,0.0798356181942018+0.0795078599300975i,-0.107224572580888+0.109077392944806i,-0.00907662362628962-0.0549431011576395i,-0.145031543469924+0.0310898093270897i,-0.0370761919035045-0.204171329271348i,0.300375291397358-0.117303646210992i,-0.232499083358131+0.373040732237211i,0.17092177640074-0.300703301436476i,0.0210111746161111+0.16737748411455i,-0.220616291355188+0.0409274884831437i,0.0757084493122001-0.399416828487236i,0.376549560675736+0.275200945876067i,-0.189267192889488+0.257785185627722i,-0.22167624333346-0.232442867459846i,0.326879466318502+0.11279841142228i,-0.273901401333861-0.115494936947139i,0.0541844210295671+0.126591400438094i
0.59995734055729-0.381085296927364i,0.368423448652469+0.645484708814123i,-0.648917880060247+0.0381822614037945i,0.252257498201028-0.224342637074108i,-0.127116822697754-0.0779380557330628i,0.337912682535239+0.0231213187680078i,-0.649772556862326+0.0965505985139267i,1.23045359153553-0.0257932510163482i,-0.755230935073421+0.306704887333355i,-0.268791116247972-0.00431266121272547i,-0.040755478888062-0.168868279490553i,0.342819756025752-0.305495695390832i,-0.154079994373192+0.168319898457822i,0.318091094922955+0.0121941274344267i,-0.13075913061993+0.0527355621363416i,0.0505743527674049-0.0557969653529295i,-0.187647775858355+0.0889114992728579i,0.454364505238202+0.0273218204452578i,-0.219463146104864+0.115959353442354i,-0.295264502657189-0.0144494513129245i,0.625180279929365-0.246334053747767i,-0.361454925068566+0.528483017932255i,0.0278133874969636-0.194203103230128i,-0.247030022288553+0.0604226967889031i,0.0709320695462856-0.18810594018459i,0.41711989360305+0.113719971138907i,-0.498306609153607+0.157729322508064i,-0.0494552392040997-0.233988499591135i,0.0930799132312075+0.0261038308569537i,0.15225857746378-0.108186410206108i,-0.147187165170917-0.124237640424027i,0.047949129369017+0.395235634923351i,-0.0926963647380041-0.257474963230093i,-0.0538041176333206-0.150585599752191i,0.0318683055589835-0.00323730861955679i,0.149741679891491-0.224960767785721i,0.264048796574644+0.276051111538693i,-0.506844066649107+0.0470641249324922i,0.582392445963778-0.300824894294518i,-0.338021953374425+0.437434841746081i,0.0472802779832005-0.225940717355725i,0.110993436680789-0.0540548069842049i,-0.12758332893434+0.172417007809501i,0.252897865074799-0.126842652303373i,-0.442193975864947+0.387896369587379i,0.201777799212806-0.528171823339563i,0.0887943477415795+0.0226161162451385i,-0.205221598297324+0.392519503875713i,0.229149390075249-0.511346269827187i,0.021073304841986+0.383356888078886i,-0.078114173287938-0.254762753717788i,0.0481118455888198+0.109741521576179i,0.142037808255205+0.0402508642977219i,-0.174031881491977+0.223455201087681i,-0.103740286480166-0.397375033765725i,0.403214541089113+0.376405781247924i,-0.432497358996464-0.18637531869061i,-0.107324873392756+0.0540707246669262i
-0.00688657009234352+0.067902086126573i,0.648939571356988+0.256941776035612i,-0.72183196973005-0.220291070495163i,0.599885698437448-0.0486677111909089i,-0.359670090120146+0.316550886202346i,0.0760125393236494-0.374115997240039i,-0.171138871595124+0.0775548826963716i,0.996302480968114+0.0947046283304108i,-0.842117839406704+0.233725122864261i,-0.0608831021214796+0.011894871244591i,-0.0860305372061327+0.00422987851204648i,0.234624076045973-0.575941615149662i,-0.074769706861408+0.193743559580613i,0.541879032182566+0.319957257054696i,-0.535661143697807-0.0678937478378969i,0.0761416918687238-0.110089511397627i,0.125815050046447-0.000181809171952306i,0.138035427303426+0.301045767210383i,-0.117596213735627-0.20701913731138i,-0.342284681017625+0.330239312529985i,0.219007382694248-0.497738071451323i,-0.0206141001398589+0.266553772092662i,0.14957899463195-0.226404729703455i,-0.120493141391686+0.236187276458719i,0.0153413150188426-0.073785841794968i,0.128146609766074+0.0416745813862731i,-0.158647561436432-0.0526706701669496i,0.0542049355363633+0.00970718287572057i,-0.0935890085420891+0.0201226404826249i,0.194923248048817+0.155403594348401i,-0.295292577261766-0.294338350167044i,0.159534757941481+0.179021186620672i,-0.067800340994986-0.0272807065716848i,-0.10284564632583-0.112103590887072i,-0.000361875805636986-0.0881713203775593i,0.307928732413005-0.15086302277077i,0.0975367609210502+0.418524946338778i,-0.512937373925378+0.00184869887075562i,0.487599334619311-0.447939664734398i,-0.302112066553535+0.60961126286247i,0.0266496620206085-0.340820486317849i,-0.0144206641013996-0.188484536469304i,0.189612638639968+0.215613199150098i,-0.00909165759457814+0.0397381468766592i,-0.227368525885634+0.13501669040325i,0.159830010718628-0.287758098708538i,-0.200459194463204+0.118480471075734i,0.167410661473705-0.0110428528051617i,-0.0965367479252573-0.205138840831508i,0.186756898322604+0.111555447736165i,0.0710984946578566+0.0360461373103755i,-0.148082758058445+0.20076452421603i,-0.159838918665864-0.0469954018195116i,0.0428509738210624-0.218435656507916i,-0.100393243714944-0.128692682435266i,0.437634428498386+0.235846707867195i,-0.276841762357634+0.00544231378204555i,-0.125968050834764-0.0473620876380737i
-0.400666441819723+1.40612243418034i,-0.539961864272533-0.516437701845663i,-0.0116123651501636-0.498267782270436i,0.380104849329538-0.406340797992366i,0.150917554061418+0.662334543518407i,-0.623859521113631-0.00943369912913416i,0.660169861695542-0.237191023569946i,-0.575986380727555-0.327383526363335i,0.373842415363158+0.0871499206452126i,0.200899444066237+0.29604008839082i,-0.0956462919265622+0.31181815597912i,-0.42891770668548-0.511431984659445i,0.135603214247345+0.194852113838066i,0.288153916411187-0.0491798148889207i,-0.405140674918896+0.0699287639948936i,-0.0255789978336218-0.00788880444910986i,0.422871097523836-0.267951634377559i,-0.410760543365197+0.594504912246608i,0.0354590443713997-0.815447553219285i,0.113881261067131+0.852806367459494i,-0.506716631549085-0.41157014932303i,0.300811273725424-0.328721914703319i,-0.148135680017497-0.206033901976042i,0.719919359709012+0.191093305818152i,-0.0607945846149723+0.410353345752564i,-0.645761173072711+0.00685053472257234i,0.395684628114147-0.173241768122696i,-0.0947836957203252-0.09374803933515i,-0.0474444789903621+0.244999226242589i,0.182303787031185-0.250448449040549i,-0.0888639936385421+0.703558311067718i,-0.334090436903269-0.547926246229225i,-0.00368882015651172-0.178147243142131i,0.45461610573306+0.120617144243002i,-0.257834057330882+0.175871111250045i,0.266831870429366-0.0753588538862011i,-0.377233698148707+0.426762898400754i,0.197179616982256-0.505488130433836i,-0.283857996986932+0.326586498193693i,0.163932039050152-0.172799796682089i,-0.173333451344387+0.141547748747562i,-0.0778666879685966-0.358639416845945i,0.323029515012471-0.0474461488426034i,-0.092910406561801+0.357076675486385i,0.18222230065699-0.314587387244774i,-0.0985294125344279+0.338198416738268i,-0.351094694400911+0.19251139062274i,0.273037246028067-0.791497786319014i,-0.173394610783274+0.425847179971361i,0.44412341341626-0.162600094957657i,0.00608849947652942+0.242673496307072i,-0.233081211401886+0.274063417938102i,-0.338076290981379-0.0301184521235062i,0.0462813066927275-0.57261962587173i,0.171981104039014+0.244881965692075i,-0.154957384996827-0.135096393833554i,0.513158461921537+0.0791189351836921i,-0.255760089468929+0.0108687398894555i
-0.667167103636575-0.686428532182078i,-0.334308206252704+0.0371764694897607i,1.28475789520887-0.668081377100014i,-0.996090755290283+1.15011720630778i,0.563369615563475-1.36147671353825i,0.047935418831482+1.00089015607349i,-0.154887667167075-0.104125790448845i,0.0919920405605396-0.629145174100605i,0.216475033516338+0.83031214765403i,-0.0108492336935931-0.181082928342305i,-0.390427245716419+0.12425126131746i,0.14315390274591+0.0510111518891662i,-0.0690844808147918-0.228207649298923i,-0.0746014987370123+0.197122235898715i,-0.228397243219752-0.291475544395838i,0.585334557763963+0.245274915550121i,-0.328136285481067-0.197593387182212i,-0.321986778786727+0.470663375950057i,0.059579207967144-0.805692743303683i,0.638827632240746+0.247016775787052i,-0.586906910393175+0.325750782264337i,0.270829280776351-0.367524612030344i,-0.056594383114373+0.107256176466548i,0.205136529198346+0.0926506059489775i,-0.0874659924638897+0.0750396748319064i,-0.131532858520697-0.124690540734091i,0.0301859104534494+0.0860263591369964i,0.333243676408049+0.0212871768426915i,-0.436946482494707+0.161571066283026i,0.0822009877579801-0.374227075844238i,-0.0391768383132473+0.408036508109692i,0.0943730884545794-0.556404421094804i,0.145484506486232+0.374408132699762i,-0.0115731377751815-0.108290943382409i,0.0881121019480697+0.012581010521255i,-0.237195214513238+0.510660789161377i,-0.299377631227585-0.614395876582767i,0.616571773763894-0.0142674947101319i,-0.545571405195517+0.388934073104758i,0.570422023763741-0.514560582993515i,-0.393025248936865+0.459572390515436i,0.0867051448829211-0.086444828754239i,0.0412340378543631+0.0111495645275823i,-0.158908828500584-0.106805370316947i,0.277000815737206-0.138028183044257i,-0.20502358555643+0.557108901934066i,-0.0890262940399121-0.333041252857607i,0.174692062905853-0.149848504873406i,-0.0723737221964044+0.393875639439433i,-0.208367171141145-0.282156277960692i,0.11119066705997+0.166580135804351i,-0.0605800883056657-0.364463116965185i,0.22464725998983+0.111146556306271i,-0.0358405648288655+0.141095785929085i,0.161811298285609+0.155341765718041i,-0.499647551655043-0.252452122241969i,0.368232765182722-0.000631425029134831i,0.186713023739676+0.24603721988643i
-0.979486913486438-1.59460787951042i,0.813460957826552+1.0697497973903i,-0.0625965544804937-0.348632524839374i,-0.644307646438409+0.684377744286656i,0.47827035889545-0.785513088277918i,-0.271711570660759+0.123888734286243i,0.0549830616326486-0.241577577926007i,0.36322686414795+0.441511336176662i,0.0864127522960187-0.119016302738585i,-0.325208514239829+0.212411711971594i,0.0152551638538057-0.34444373960124i,0.0649744419419408+0.562575646232008i,-0.0802064873263058-0.681775390601196i,-0.0475856822864114+0.517583603271408i,0.315980353005701-0.468910102927217i,-0.0545016044340607+0.415350810331106i,-0.138457228963565-0.00636825779565979i,-0.0690270444181398-0.0346902770284019i,0.0425295929814005-0.118747220888892i,0.114311753695986+0.0496342762815881i,0.0587740765801878+0.0345640495456627i,-0.0203505661085358+0.183306227776048i,-0.321889478401429+0.0367421313996647i,0.0688936724318497-0.140078595224434i,-0.0546861513785904-0.0604271250116669i,0.250756894537996-0.215779745730208i,-0.289393795657813+0.304533312227662i,0.151491941362098-0.055010927952597i,-0.0825697447089841-0.223548251370197i,0.00483275872953632-0.0288131729262674i,0.0942014698983841-0.0347789685726327i,0.0685369380876118-0.208702629274362i,0.406043878075974+0.481064953054281i,-0.393583680361599-0.0127631001849545i,-0.0870054504721462-0.271359825896506i,0.179359144534357+0.252027956442257i,-0.119772866625355-0.222138865120361i,0.110913601047509+0.1458589489804i,-0.102721520061181-0.0765035620673895i,0.198431222846797-0.149647327639046i,0.0101429301870547+0.238782013558535i,-0.0168899834344763+0.163961949057834i,-0.111907371314089-0.09268431654899i,-0.0467144726739648+0.049170675287101i,-0.0292189117268366-0.143792110734018i,-0.0581989478489834+0.167551899090388i,0.145731749914939-0.365476624349696i,0.00596143825821096+0.427958269610072i,-0.077779262838265-0.0700146561028086i,-0.105562532567059-0.161385841981016i,-0.0363953117273774+0.145541391020764i,0.0257390287280347-0.400297740212392i,0.367230668767072+0.148758992981042i,-0.143453385712386+0.301609808656356i,-0.0675675232106978-0.113405896463704i,-0.0206392539921926+0.0409302308705536i,-0.0661789164722426-0.081002538423483i,0.0537960569810238+0.112357277097396i
0.102944178776055-0.392250104329231i,0.561123570883423+0.787615864615782i,-0.650774390922899+0.00967253399572735i,-0.08240926448671+0.096318951005872i,0.0857578447079475-0.25047458989882i,0.210533350073229-0.0872513709131957i,-0.426629583481418-0.0242030567766318i,0.996319145026126+0.545117624501034i,-0.694419423034835-0.228960936145994i,-0.1224460282577+0.279851226839233i,-0.13636610988982-0.26834853110798i,0.219873819853618-0.104848966862572i,-0.0278408605391232+0.0417931192965326i,-0.0308590127838182+0.0935370567120618i,0.320576388757723-0.14196104675284i,-0.253469674336607-0.00560445073516713i,-0.0172446174059928+0.20155393502187i,0.250071578494188-0.134160388696029i,-0.00925067669334023+0.277713573176426i,-0.306914607980385-0.190873503934019i,0.553773358430111-0.0894433041151303i,-0.226633520302971+0.607193555643002i,-0.392589849229045-0.196412208149192i,-0.00278859223301954-0.122363625725324i,0.0636029434330739-0.146740599509194i,0.37983408980409-0.0480394171410555i,-0.469239453114423+0.374223829130167i,-0.0706805528832331-0.26267577316262i,0.175986250355847-0.230547970897379i,0.0234801051812112+0.0621239220110784i,0.0336461861566959-0.200183648263648i,0.0616857490517024+0.20440218709035i,0.200169591834183+0.0845684104693355i,-0.280028964435733-0.0626926131571537i,-0.0696437964223501-0.0787387079698722i,0.206916164845678-0.145587367586799i,0.175463582992681+0.128683206460836i,-0.377106678206212+0.15774897442029i,0.372964675957829-0.37276286916491i,-0.0802064416144235+0.350113712832212i,0.0238239419767469-0.122559052000836i,0.136404118674005+0.163605194171304i,-0.255596820262052+0.0592644875839909i,0.0973811790492257-0.0273693695285872i,-0.182346688021702+0.0253563187289096i,0.0398553875666627-0.0903157736798174i,0.100302311147017-0.180807935358614i,-0.117696765166196+0.367800982542404i,0.0847176473586816-0.242946805791025i,-0.0288473123273008+0.021330872064489i,-0.17696335468181-0.0441476151938958i,0.296114100535748-0.180715706092276i,0.175698702526411+0.160569101024722i,-0.194725931150093+0.372648359881875i,-0.21263626318409-0.380356409022228i,0.349194050900715+0.273318480177534i,-0.273789188065103-0.185022732754822i,-0.168636267392939+0.0990975241078133i
0.359671481114567+0.0599147331055715i,0.603268804109807+0.62951478978384i,-1.00983944983649-0.185663723572919i,0.6061489070866-0.0943355712019154i,-0.247025869710035+0.294973226408142i,0.0881601564689262-0.388567196450343i,-0.238335617574534+0.14167870921281i,0.853121922740047+0.462411246786841i,-0.92855464063137-0.153150898616786i,0.0441012774104696+0.0587048364844039i,-0.147414326529678-0.0147557678461713i,0.144727816718292-0.515627517584916i,0.16461718975697+0.190997164921806i,0.0168501943422817+0.267227794450256i,0.0910672508963446-0.213774215815284i,-0.264365690323058-0.0758099439052377i,0.232778641896964+0.0604222770153732i,0.267579465837962+0.164781854270055i,-0.105823048401405+0.159874657817418i,-0.50326311359879-0.00428289353895632i,0.547998408294712-0.400081718922823i,-0.239526112682579+0.609369099187609i,-0.146872795634911-0.366284343149496i,0.0816641857966455+0.00548128131260481i,-0.0502105234528893-0.0524794766159916i,0.32192656108743-0.0425239331643013i,-0.326206421412645+0.221156972482919i,-0.0264491872116942-0.20136392151597i,0.149399461552164-0.108370237985576i,0.0445295989340987+0.259900665654657i,-0.175543060289448-0.383589214493225i,0.0962435566109864+0.251939297438889i,0.155781067029476-0.088907300640804i,-0.181256985568748+0.0471682984437835i,-0.186882674209986-0.077078276890279i,0.436171578369017-0.309600908639072i,0.0378274818306765+0.420600734000991i,-0.386793236099248+0.0160122031231448i,0.479303819767108-0.41962011757212i,-0.255379519674015+0.607642275259546i,0.03655627168633-0.298353063420685i,0.0642816400179843+0.0244445380463167i,-0.0831902697672598+0.0497086246736636i,0.0638145034797326+0.10336983240545i,-0.165230409089113-0.00370273803133855i,0.143864713584251-0.155491267933073i,-0.142006022771222+0.0332290324414246i,0.0453431071754333+0.159616923948206i,-0.0120371270227373-0.259327464305122i,0.035093394503509+0.0285781104545571i,0.0659004574284435-0.0252115336958061i,0.0221572794252187+0.180364776861831i,-0.0590647045585662-0.0563032489365101i,-0.0723290901533895+0.0404397315424977i,-0.0964753253626374-0.280097382305904i,0.35971186361673+0.382695177174979i,-0.217323624263503-0.200671766190033i,-0.28473121474975+0.110147808819438i
-0.465124060165739+0.287297872316833i,0.579455030365912+0.0487702892870486i,-0.703335684962947-0.0773506776339573i,0.508507933085596-0.23550941713345i,-0.0578928011427047+0.41287894942838i,-0.36943031054617-0.228045905020709i,0.399949530214899+0.0185220814332375i,-0.15431547069833+0.175741334843884i,-0.129794357796446-0.215182344928268i,0.195453260358467+0.123083366744283i,-0.184566757444986+0.306864272464455i,-0.147622443772696-0.535394842157873i,0.252879184357651+0.0502580832507482i,0.0597868160195173+0.426560390844781i,-0.105645358602366-0.239214911615008i,-0.344339423680669-0.0615784398084363i,0.496211727389643-0.102734857834979i,-0.07044779652939+0.295371227947764i,-0.0308850655532222-0.215057188407305i,-0.177301241410158+0.426374825129893i,-0.175273527753881-0.506397884644438i,0.201334886853768+0.173339625442053i,-0.0457759520495012-0.314740882662406i,0.209414405853323+0.135309616876739i,0.0421570811032894+0.128195896222945i,-0.228698680356715-0.0377404419403368i,0.09630396491744-0.0354845309746135i,0.124845782882485-0.00930493785013798i,-0.108535940322743-0.0344599547818683i,0.0927483788828282+0.216512477572156i,-0.132504353928587-0.0432070591656917i,-0.0348016959625686-0.16031959980714i,0.155804183148121+0.0581827141101974i,-0.0803121149776276+0.0622773767738055i,-0.135826987648898-0.0480225186630272i,0.307947057734812-0.0724097561958282i,-0.164640194984871+0.26341861176582i,-0.0452561275185718-0.07721382007356i,0.0663163992530905-0.240106126217507i,-0.0720668417195406+0.377455075529245i,0.0227860725828552-0.147378578264312i,-0.114161873477201-0.154495703605167i,0.21995838174283+0.000878230380621137i,-0.0760548419973916+0.24761287709592i,0.00441024109001076-0.193343160470644i,0.0570752286801932+0.0921896933679659i,-0.299908688766047+0.144218398231597i,0.347889188865653-0.310268241453015i,-0.342367301743925+0.142358366040982i,0.230483950941485-0.192457766369796i,0.169371808525856+0.218941628116636i,-0.269252104160032+0.142069861737849i,-0.152929462927416-0.0591247761008349i,0.0263381008688344-0.309676482441665i,0.00267031466651262-0.0610663331746768i,0.182747364662801+0.136121054837469i,0.167520482900154+0.0489564966748674i,-0.293231751212504+0.0159259397914458i
0.0688479883598275+1.42455985382303i,-0.74013005508021-0.388318378515751i,0.00534572660682165-0.306734969013528i,0.281426486841594-0.533806799760105i,-0.0236160980406894+0.760551871999348i,-0.27932997227587-0.230423812557449i,0.635368745096388+0.0100331104167851i,-1.50805498379249+0.13185408237796i,0.732020081628613-0.719452357316814i,0.311502873130621-0.0803655703109733i,0.144243596545479+0.317867927001647i,-0.171898305825225+0.276912758541765i,0.0973487228782539-0.383692554679156i,-0.228059084566162+0.590955851878238i,-0.0245580415831239-0.4492637495221i,-0.0501017901868086+0.366994684174703i,0.151022236443699-0.322601794680109i,-0.268410748103834+0.20219697555773i,0.0563938439396018-0.374816401792456i,0.29129852067369+0.690334026614237i,-0.793015461286379-0.269016697160495i,0.250548876783366-0.548677170060439i,0.164041361775555+0.110428652017219i,0.30184285419392+0.110692006463203i,-0.149202310246767-0.0189408519723299i,-0.367609503893878-0.0180639831959016i,0.58697852974908+0.0370661532742834i,-0.111620641245126-0.162732132971981i,-0.0612158315270426+0.266467077076986i,0.0801046282292639-0.146868994777372i,0.0580473015892853+0.517894172143484i,-0.489206930331548-0.501837279649422i,0.452039776681328-0.252487816238554i,0.216747371084181+0.352703964143202i,-0.177219952670628+0.258757926971513i,-0.0284326544637347+0.0471194124306973i,-0.382002820008545-0.153948190610481i,0.553389629042956-0.253404791610494i,-0.537806236073495+0.600316014527608i,0.270533182152652-0.646355530462985i,0.0132427280926888+0.456471096773022i,-0.328527617568721-0.2170436711143i,0.418381883184886-0.19179827326246i,-0.357682483511207+0.306071836205075i,0.462359132458933-0.39285828193046i,-0.0851187166729508+0.473224307686132i,-0.283640263039668+0.248259025478828i,0.03622825300067-0.773651788365508i,-0.02640973481047+0.499366215029415i,0.0973208323677165-0.257946523113609i,0.104016366573692+0.110301259558386i,-0.0997136153332339+0.148983111100717i,-0.130255088112747-0.0588633274780533i,-0.0869601882317092-0.162017397458248i,0.272470851378946-0.04476063654357i,-0.387448452782757+0.0118540428823557i,0.668946211933795-0.110246440808313i,-0.15097635336066+0.227157391118573i
-0.540139079261136-1.29024194734728i,-0.00654840939590828+0.463604619113622i,0.663255995849843+0.0985465058786419i,-0.712749703796745+0.629139649689644i,0.198066819108329-0.774294433650414i,-0.200246953611712+0.422415270140945i,0.127335467466162-0.452441961372132i,-0.457809461427487+0.688836548800928i,0.392352166892708-0.499832252540627i,-0.0609747869629424-0.210949000576665i,0.148929124193633+0.0183119005375248i,-0.00570168367045407+0.734454980095807i,-0.104062231059973-0.543823245951508i,-0.507786626945972+0.181270012100844i,0.782856433992639-0.473195807780176i,0.00846792026531836+0.591274629078465i,-0.425065415389627-0.0352424645367321i,-0.0227181066314372-0.16240655988473i,0.150834538971204-0.0876088605009676i,0.304287311415728+0.0459254223832874i,-0.33424313655299+0.171588983999031i,0.221704743705078+0.0828477007716192i,-0.373635302661612-0.13821774090695i,0.308147872620061+0.13880808313384i,-0.372094635415503-0.262723808117577i,0.36707134723694-0.129660463043502i,-0.226600899639099+0.128324829084709i,0.350859750797312+0.0115515335079726i,0.0341532456707763-0.110514883212278i,-0.352139844914433+0.283287960503461i,0.136581162022834-0.290639137368153i,0.078465108824412-0.497098072022335i,0.739361840769587+0.724650649417065i,-0.715539551613931+0.107712571908285i,0.218999182507943-0.271399591722553i,-0.0778053716765418+0.405002153874612i,-0.281034816765186-0.373060994721828i,0.442186556381462-0.0482216742755603i,-0.337373439611981+0.283901418619311i,0.206906025890657-0.321143436819238i,0.079983979876091+0.155553488403326i,-0.0884898147954595+0.325076482358107i,-0.0691573095583312-0.148120669510527i,-0.182607445571952-0.0931082961486076i,0.150828566032077-0.167149985158439i,0.0456871149340852+0.430360908317396i,-0.0995604308477105-0.522628775053972i,0.168776844334271+0.367401180708275i,-9.37854480779541e-05+0.145423943721868i,-0.490816319880491-0.217991039342891i,0.302039750966766-0.0720590984531591i,0.0308056934013788-0.117440902412075i,0.206119194001439-0.056666848380876i,-0.0258312866252393+0.420266365769984i,-0.100721758859163-0.0577722941679071i,-0.308074741556348-0.155282513771959i,0.407481933232015-0.0735480430747087i,-0.101418049485492+0.0548612562733252i
